BUY,RECOMMEND
15x25 cm 85 Micron ITALIAN Embrossed Vacuum Bags 100s,20x30 cm 85 Micron  ITALIAN Embrossed Vacuum Bags 100s
20x30 cm 85 Micron  ITALIAN Embrossed Vacuum Bags 100s,15x25 cm 85 Micron ITALIAN Embrossed Vacuum Bags 100s
Elle&Vire Cream Cheese Plain 1.356 kg.(M153),"Elle&Vire Whipping Cream 35% ,1 Litre (M191)"
"Elle&Vire Whipping Cream 35% ,1 Litre (M191)",Elle&Vire Cream Cheese Plain 1.356 kg.(M153)
"Bread Flour T65 ,1 kg. แป้งขนมปัง Made in France",2 Kg.T55 แป้งเอนกประสงค์ Made in France M145
2 Kg.T55 แป้งเอนกประสงค์ Made in France M145,"Bread Flour T65 ,1 kg. แป้งขนมปัง Made in France"
Service for Pick up Charge,Spare Part for Changing or Repairing of Machine
Spare Part for Changing or Repairing of Machine,Service for Pick up Charge
T45 แป้งขนมปัง 1 kg,2 Kg.T55 แป้งเอนกประสงค์ Made in France M145
2 Kg.T55 แป้งเอนกประสงค์ Made in France M145,T45 แป้งขนมปัง 1 kg
"Cacao Barry Dark Choc Chip Drop (Noir) 50% ,500 g.",500 g.Dark Choc 58% COCOABARRY
500 g.Dark Choc 58% COCOABARRY,"Cacao Barry Dark Choc Chip Drop (Noir) 50% ,500 g."
"Cacao Barry Dark Choc Chip Drop (Noir) 50% ,500 g.",Cacao Barry Dark Choc Fleur de Cao Pistol 70% 500 g.
Cacao Barry Dark Choc Fleur de Cao Pistol 70% 500 g.,"Cacao Barry Dark Choc Chip Drop (Noir) 50% ,500 g."
Cacao Barry White Choc Zephyr 34% Pistoles 500 g.,500 g.Dark Choc 58% COCOABARRY
500 g.Dark Choc 58% COCOABARRY,Cacao Barry White Choc Zephyr 34% Pistoles 500 g.
500 g.Dark Choc 58% COCOABARRY,Cacao Barry Dark Choc Pistal 64% 500 g. (M236)
Cacao Barry Dark Choc Pistal 64% 500 g. (M236),500 g.Dark Choc 58% COCOABARRY
Cacao Barry Dark Choc Fleur de Cao Pistol 70% 500 g.,Cacao Barry Dark Choc Pistal 64% 500 g. (M236)
Cacao Barry Dark Choc Pistal 64% 500 g. (M236),Cacao Barry Dark Choc Fleur de Cao Pistol 70% 500 g.
Cacao Barry Dark Choc Fleur de Cao Pistol 70% 500 g.,500 g.Dark Choc 58% COCOABARRY
500 g.Dark Choc 58% COCOABARRY,Cacao Barry Dark Choc Fleur de Cao Pistol 70% 500 g.
